song_id;song_name;popularity;is_collaboration;artist_names;artist_count;all_genres_list;avg_artist_betweenness;genre_heterogeneity_index;danceability;energy;valence
4KXdwfri1NIQCImLQr3Wli;Se Eu Tiver Solteiro;52;False;Mc Don Juan;1;['funk carioca, funk ostentacao'];0.04303100550565054;2.0;0.674;0.75;0.633
1XCKlzIqaehohdUTihetGN;Cobertor de Orelha - Ao Vivo;62;False;Turma do Pagode;1;['funk carioca, pagode, sertanejo universitario'];0.0;3.0;0.611;0.849;0.907
45Egmo7icyopuzJN0oMEdk;Love Lies (with Normani);78;True;"Normani; Khalid";2;['dance pop, pop, post-teen pop, r&b', 'alternative r&b, pop'];0.0003380662609871535;2.5;0.708;0.648;0.338
2QjOHCTQ1Jl3zawyYOpxh6;Sweater Weather;82;False;The Neighbourhood;1;['modern alternative rock, modern rock, pop, rock'];0.0;4.0;0.612;0.807;0.398
1wgD52FywIwdnLdV2Fa8NK;De Copo Em Copo - Ao Vivo;1;False;George Henrique & Rodrigo;1;['sertanejo, sertanejo pop, sertanejo universitario'];0.0;3.0;0.81;0.789;0.714
7B3gD0HJTvH8zHVajBjoWK;Irmã Gostosa;52;True;"Mc Davi; Mc Livinho";2;['brazilian edm, funk carioca, funk ostentacao', 'baile pop, brazilian edm, funk carioca, funk ostentacao'];0.014807992162382213;2.0;0.861;0.459;0.65
6tHWl8ows5JOZq9Yfaqn3M;Mine;12;False;Bazzi;1;['pop, post-teen pop'];0.0;2.0;0.716;0.805;0.719
0KKkJNfGyhkQ5aFogxQAPU;That's What I Like;82;False;Bruno Mars;1;['pop, post-teen pop'];0.0;2.0;0.853;0.56;0.86
1fbenbaBdr8ppDeGMOX121;Coisa de Deus - Ao Vivo;42;True;"Jorge & Mateus; Michel Teló";2;['sertanejo, sertanejo universitario', 'sertanejo, sertanejo pop, sertanejo universitario'];0.011598892430535433;1.5;0.44;0.885;0.471
1NtIMM4N0cFa1dNzN15chl;Believer;12;False;Imagine Dragons;1;['modern rock, rock'];0.0;2.0;0.772;0.78;0.719
3iq9nhbI8fcnNamxMft1uv;Real Friends;65;False;Camila Cabello;1;['dance pop, pop, post-teen pop'];0.0;3.0;0.726;0.304;0.813
5d4wIiSKzRqhJwip4co3Wa;Oh Quem Voltou;52;True;"Naiara Azevedo; POCAH; Dani Russo";3;['funk carioca, sertanejo pop, sertanejo universitario', 'baile pop, funk carioca, pagode baiano', 'baile pop, funk carioca'];0.00467497343765092;1.6666666666666667;0.785;0.686;0.942
21TdkDRXuAB3k90ujRU1et;Cold (feat. Future);3;True;"Maroon 5; Future";2;['pop, pop rock', 'atl hip hop, pop rap, rap, southern hip hop, trap'];0.03205592581860331;3.5;0.697;0.716;0.506
79cuOz3SPQTuFrp8WgftAu;There's Nothing Holdin' Me Back;23;False;Shawn Mendes;1;['canadian pop, dance pop, pop, post-teen pop, viral pop'];0.0;5.0;0.857;0.8;0.966
4svcCNuxugwP6wrSnoMIfB;Buzz Lightyear;62;True;"Pineapple StormTv; Azzy; Choice";3;['rap baiano, trap brasileiro', 'brazilian hip hop', 'brazilian hip hop, trap brasileiro'];0.00035992104957622206;1.0;0.524;0.532;0.389
2YCTACQ3QfMr9QtlGI2tQE;Terapinga - Ao Vivo;49;False;Fernando & Sorocaba;1;['sertanejo, sertanejo pop, sertanejo universitario'];0.0;3.0;0.711;0.903;0.857
7cz1gO9AxCORurtWIpQHzP;Vai Faz a Fila;0;False;Mc Denny;1;[''];0.0;0.0;0.894;0.75;0.875
0PTKuTbIRUkwfdv4FRpiC8;Cheguei Pra Te Amar;0;True;"Ivete Sangalo; Mc Livinho";2;['axe, baile pop, mpb, pagode, pop nacional, samba reggae', 'baile pop, brazilian edm, funk carioca, funk ostentacao'];0.016701853155055145;4.5;0.748;0.81;0.715
7fwXWKdDNI5IutOMc5OKYw;Mi Gente (feat. Beyoncé);12;True;"J Balvin; Willy William; Beyoncé";3;['latin, reggaeton', 'francoton', 'dance pop, pop, post-teen pop, r&b'];0.034402266653787955;2.3333333333333335;0.705;0.714;0.434
2ri2wEE24Tm7fOJ7sGiz7P;Que Tiro Foi Esse;0;False;Jojo Maronttinni;1;['baile pop, funk carioca'];0.0;2.0;0.943;0.798;0.904
1a5Yu5L18qNxVhXx38njON;Hear Me Now;53;True;"Alok; Bruno Martini; Zeeba";3;['brazilian edm, electro house, pop nacional', 'brazilian edm, pop nacional', 'brazilian edm'];0.019953958594932226;1.0;0.788;0.43;0.461
44mr3ypWNHa0inr3heiOb2;Medida Certa;63;False;Jorge & Mateus;1;['sertanejo, sertanejo universitario'];0.023197784861070866;2.0;0.617;0.872;0.837
4s75aDCVs0lm1ubPpw9cf8;Nossa Que Absurdo;51;True;"Mc Nando Dk; Jerry Smith";2;['funk carioca', 'baile pop, brega funk, funk carioca'];0.00012073795035255482;1.5;0.656;0.861;0.838
2KGv51jgAz8OTjNPyRryfq;Pra Sempre Com Você - Ao Vivo;64;False;Jorge & Mateus;1;['sertanejo, sertanejo universitario'];0.023197784861070866;2.0;0.625;0.888;0.544
6UZJOc2HBrTp9DYfir9N8n;Regime Fechado - Ao Vivo;2;False;Simone & Simaria;1;['funk carioca, pop nacional, sertanejo pop, sertanejo universitario'];0.03783559400771803;4.0;0.673;0.877;0.819
7knOtdRwbbvP55B6KB2xvv;Saudade do Caramba - Ao Vivo;54;False;João Neto & Frederico;1;['funk carioca, sertanejo, sertanejo pop, sertanejo universitario'];0.0022020302373823054;4.0;0.706;0.898;0.575
6De0lHrwBfPfrhorm9q1Xl;Me Rehúso;77;False;Danny Ocean;1;['latin, latin pop, reggaeton, tropical'];0.0;4.0;0.744;0.804;0.426
6u0EAxf1OJTLS7CvInuNd7;Vai malandra (feat. Tropkillaz & DJ Yuri Martins);66;True;"DJ Yuri Martins; Maejor; Tropkillaz; Mc Zaac; Anitta";5;['funk carioca', 'detroit hip hop', 'afrofuturismo brasileiro, baile pop, bass trap, electronic trap, funk carioca, pop nacional', 'baile pop, funk carioca', 'baile pop, funk carioca, funk das antigas, pagode baiano'];0.04647771752379115;1.8;0.876;0.55;0.557
0r0U9AcE4LP0QzJQDUUlXP;Ressaca de Saudade - Ao Vivo;54;False;Wesley Safadão;1;['forro'];0.08226669978336162;1.0;0.338;0.942;0.393
0pqyzGaS6qpdHs3bzjVYzb;Sem Contraindicação (feat. Bruno & Marrone) - Ao Vivo;50;True;"Diego & Victor Hugo; Bruno & Marrone";2;['sertanejo pop, sertanejo universitario', 'sertanejo, sertanejo pop, sertanejo universitario'];0.0043304678193116335;1.5;0.647;0.873;0.612
7EmGUiUaOSGDnUUQUDrOXC;Wolves;17;True;"Selena Gomez; Marshmello";2;['dance pop, pop, post-teen pop', 'brostep, pop, progressive electro house'];0.00048295180141021924;2.5;0.715;0.802;0.327
5k38wzpLb15YgncyWdTZE4;Him & I (with Halsey);76;True;"G-Eazy; Halsey";2;['hip hop, indie pop rap, pop rap, rap', 'dance pop, electropop, etherpop, indie poptimism, pop, post-teen pop'];4.829518014102193e-05;5.0;0.589;0.731;0.191
47zBTlbsiXs9ooyPo7Z7VT;Contatinho (feat. Luan Santana);49;True;"Nego do Borel; Luan Santana";2;['baile pop, funk carioca, funk das antigas', 'funk carioca, sertanejo pop, sertanejo universitario'];0.010518460257666281;2.5;0.663;0.845;0.757
6gquljDBW7rE6mCBzmTRxo;Raspão (feat. Simone & Simaria) - Ao Vivo;62;True;"Simone & Simaria; Henrique & Diego";2;['funk carioca, pop nacional, sertanejo pop, sertanejo universitario', 'brazilian edm, sertanejo, sertanejo pop, sertanejo universitario'];0.018978165979035292;3.0;0.598;0.885;0.648
1ZPac6DuD1QbyHG7KJibFW;Treme Treme;43;False;MC Loma e As Gêmeas Lacração;1;['baile pop, brega funk, funk carioca'];0.0;3.0;0.847;0.92;0.968
6HaTYIUKd8SzdvGOfutBRD;Poesia Acústica #2: Sobre Nós;68;True;"Pineapple StormTv; Luiz Lins; Delacruz; BK; Maria; Ducon; Diomedes Chinaski; Kayuá; Salve Malak";9;['rap baiano, trap brasileiro', 'brazilian hip hop, pernambuco alternative', 'brazilian hip hop, pop nacional', 'brazilian hip hop', 'baile pop, pop nacional', '', 'brazilian hip hop', 'brazilian hip hop', ''];0.0003806023357522118;0.6666666666666666;0.61;0.641;0.802
12SJpYZEdj4kzWZ8FPFg4Y;All The Stars (with SZA);7;True;"Kendrick Lamar; SZA";2;['conscious hip hop, hip hop, rap, west coast rap', 'pop, pop rap, rap'];0.01272577996715928;3.0;0.715;0.62;0.456
4G1i3FrLYRge4Z2ubJiOW3;Paralisa;50;True;"MC WM; MC Loma e As Gêmeas Lacração";2;['baile pop, brazilian edm, funk carioca, funk ostentacao', 'baile pop, brega funk, funk carioca'];0.0076789336424224865;2.5;0.848;0.934;0.971
2GfxgssRHvY1azHtaRqKoK;Paredes - Ao Vivo;67;False;Jorge & Mateus;1;['sertanejo, sertanejo universitario'];0.023197784861070866;2.0;0.619;0.925;0.802
0WvRK6cO0KhiHDXDl1AGok;Anjo Moderno - Ao Vivo;59;False;Jorge & Mateus;1;['sertanejo, sertanejo universitario'];0.023197784861070866;2.0;0.733;0.777;0.629
6Ep6BzIOB9tz3P4sWqiiAB;Radioactive;15;False;Imagine Dragons;1;['modern rock, rock'];0.0;2.0;0.473;0.777;0.21
65CTrkKjcQcZmyv0373syo;Largado As Traças - Acústico;0;False;Zé Neto & Cristiano;1;['sertanejo universitario'];0.0;1.0;0.799;0.743;0.669
7vGuf3Y35N4wmASOKLUVVU;Silence;80;True;"Marshmello; Khalid";2;['brostep, pop, progressive electro house', 'alternative r&b, pop'];0.000676132521974307;2.0;0.52;0.761;0.286
6EFIK4B0jrvLO096QYEhnX;Você Não Vale Nada;52;True;"Menor; Zé Felipe";2;['funk carioca', 'funk carioca, sertanejo pop, sertanejo universitario'];0.0;1.5;0.603;0.962;0.768
6zp6PbBzByRcPTQtXLQV9x;Mandella É Meu Nome;41;False;MC Kekel;1;['funk carioca, funk ostentacao'];0.0;2.0;0.553;0.664;0.608
2jq2SaLa7BeUtU6Lx9bxGU;Cadeira de Aço - Ao Vivo;58;False;Zé Neto & Cristiano;1;['sertanejo universitario'];0.0;1.0;0.746;0.871;0.554
3sIMCkwUZbQbWeNOTG3ET4;Permanecer (feat. MC G15);53;True;"Lucas Lucco; MC G15";2;['funk carioca, sertanejo, sertanejo pop, sertanejo universitario', 'brega funk, funk carioca, funk das antigas, funk ostentacao'];0.014899063073505265;3.5;0.866;0.559;0.729
5ac0YTpOaDX9wEYYyGCglL;Ar-Condicionado No 15 - Ao Vivo;59;False;Wesley Safadão;1;['forro'];0.08226669978336162;1.0;0.623;0.892;0.663
0tKcYR2II1VCQWT79i5NrW;Thunder;21;False;Imagine Dragons;1;['modern rock, rock'];0.0;2.0;0.6;0.81;0.298
3hBBKuWJfxlIlnd9QFoC8k;What Lovers Do (feat. SZA);14;True;"Maroon 5; SZA";2;['pop, pop rock', 'pop, pop rap, rap'];0.017651888341543517;2.0;0.795;0.615;0.393
5xVJU6DJHnmHnbbKS56yCC;4 da manhã;65;False;UM44K;1;['funk carioca, nova mpb'];0.0;2.0;0.794;0.474;0.857
4JPSfCXQe6kDliMIJTqISW;Coladinha em Mim - Ao Vivo;58;True;"Gustavo Mioto; Anitta";2;['sertanejo, sertanejo pop, sertanejo universitario', 'baile pop, funk carioca, funk das antigas, pagode baiano'];0.11847313638098923;3.5;0.623;0.68;0.643
5Bc53chGSf3AoJRbB5mzR6;Ficadinha - Ao Vivo;43;False;Henrique & Diego;1;['brazilian edm, sertanejo, sertanejo pop, sertanejo universitario'];0.00012073795035255482;4.0;0.673;0.895;0.88
0AyCBE9YKWjatl0ukCAhxN;Com Amor Não Se Brinca - Ao Vivo;42;False;Jonas Esticado;1;['forro, sertanejo pop'];0.0;2.0;0.493;0.869;0.727
228vRHzGfQh47EfLjuY1Yr;Rabiola;44;False;MC Kevinho;1;['funk carioca, funk ostentacao'];0.016713581984517938;2.0;0.748;0.499;0.686
09ts3GnICqYEU5PkQCpJK3;Say Something;61;True;"Justin Timberlake; Chris Stapleton";2;['dance pop, pop', 'contemporary country, outlaw country'];0.0;2.0;0.707;0.632;0.372
2x0WlnmfG39ZuDmstl9xfX;End Game;69;True;"Taylor Swift; Future; Ed Sheeran";3;['dance pop, pop, post-teen pop', 'atl hip hop, pop rap, rap, southern hip hop, trap', 'pop, uk pop'];0.016412312051257285;3.0;0.649;0.589;0.151
7ozozCaLTXDY0ctHFLFlmK;Minha Ex Tá Bem;0;False;Israel Novaes;1;['sertanejo, sertanejo pop, sertanejo universitario'];0.0;3.0;0.816;0.895;0.965
7nZmah2llfvLDiUjm0kiyz;Friends (with BloodPop®);16;True;"BloodPop®; Justin Bieber";2;['electropop', 'canadian pop, pop, post-teen pop'];0.00019318072056408772;2.0;0.744;0.739;0.649
3eGK0WFi6ISJ9UZA6Za4HX;Singular;1;False;ANAVITÓRIA;1;['folk brasileiro, nova mpb, pop nacional, portuguese pop'];0.01028687337003767;4.0;0.744;0.303;0.306
2Tq2R8sRftNEqdgJK5HadO;My My My!;6;False;Troye Sivan;1;['australian pop, dance pop, electropop, pop, post-teen pop, viral pop'];0.0;6.0;0.699;0.479;0.462
7GX5flRQZVHRAGd6B4TmDO;XO Tour Llif3;85;False;Lil Uzi Vert;1;['melodic rap, philly rap, rap'];0.0;3.0;0.732;0.75;0.401
77vZMrfbZIgGKBcFe3MsD7;Paga De Solteiro Feliz;0;True;"Simone & Simaria; Alok";2;['funk carioca, pop nacional, sertanejo pop, sertanejo universitario', 'brazilian edm, electro house, pop nacional'];0.038610156706360706;3.0;0.686;0.945;0.112
2CW04trIoYMbroZWDzPAjs;Medo Bobo - Ao Vivo;64;False;Maiara & Maraisa;1;['sertanejo pop, sertanejo universitario'];0.03204224218422998;2.0;0.599;0.65;0.346
0ihMkv4Usn03EEEF8Rlw22;Rapariga Não - Ao Vivo;51;True;"Simone & Simaria; João Neto & Frederico";2;['funk carioca, pop nacional, sertanejo pop, sertanejo universitario', 'funk carioca, sertanejo, sertanejo pop, sertanejo universitario'];0.02001881212255017;2.5;0.708;0.936;0.71
2KwojFDebQV4J2b0JMRR5Q;Is That For Me;60;True;"Alesso; Anitta";2;['big room, dance pop, edm, electro house, pop, progressive electro house, progressive house, tropical house', 'baile pop, funk carioca, funk das antigas, pagode baiano'];0.10798342325435926;6.0;0.761;0.785;0.58
1m1vw2OQTYHt9AukcIPs8x;Escalada pra Jogar;31;False;Henrique & Diego;1;['brazilian edm, sertanejo, sertanejo pop, sertanejo universitario'];0.00012073795035255482;4.0;0.722;0.858;0.917
70lnL3QaSOIIyMa2X9aVRL;Perro Fiel (feat. Nicky Jam);71;True;"Shakira; Nicky Jam";2;['colombian pop, dance pop, latin, latin pop, pop', 'latin, latin hip hop, reggaeton, tropical'];0.0025837921375446733;4.0;0.75;0.76;0.893
1e315r3zQjsng2z952ePQ1;Ninguém É de Ferro;57;True;"Wesley Safadão; Marília Mendonça";2;['forro', 'sertanejo'];0.06071060608151307;1.0;0.688;0.92;0.905
2x67AU9q3lf7cfPSzxCDsL;De Trás Pra Frente - Ao Vivo;63;False;Henrique & Juliano;1;['sertanejo universitario'];0.0006278373418332851;1.0;0.565;0.586;0.677
0eDFrr2qgbIPQSU9YQeAXM;Não Troco;63;False;Hungria Hip Hop;1;['brasilia hip hop, brazilian edm, brazilian hip hop, trap brasileiro'];0.0;4.0;0.779;0.196;0.63
76Fc23n9Nrs4wULSY58LPc;Aquecimento das Potrancas;43;True;"MC WM; MC's Jhowzinho & Kadinho";2;['baile pop, brazilian edm, funk carioca, funk ostentacao', 'funk carioca'];0.0076789336424224865;2.0;0.879;0.701;0.802
3GCdLUSnKSMJhs4Tj6CV3s;All The Stars (with SZA);79;True;"Kendrick Lamar; SZA";2;['conscious hip hop, hip hop, rap, west coast rap', 'pop, pop rap, rap'];0.01272577996715928;3.0;0.698;0.633;0.552
5VnDkUNyX6u5Sk0yZiP8XB;Thunder;14;False;Imagine Dragons;1;['modern rock, rock'];0.0;2.0;0.604;0.826;0.241
3Cabw7y9EoR68v7dBS76HQ;Pirata e tesouro - Ao vivo;61;False;Ferrugem;1;['pagode'];0.0;1.0;0.582;0.777;0.583
79jX8RM5CgPqDKdGEKNW9K;In My Blood;18;False;Shawn Mendes;1;['canadian pop, dance pop, pop, post-teen pop, viral pop'];0.0;5.0;0.628;0.715;0.429
2Oehrcv4Kov0SuIgWyQY9e;Demons;18;False;Imagine Dragons;1;['modern rock, rock'];0.0;2.0;0.327;0.71;0.416
1hnGRSqLdeLB7x7kdDuizq;Na Conta Da Loucura - Ao Vivo;0;False;Bruno & Marrone;1;['sertanejo, sertanejo pop, sertanejo universitario'];0.006600341285939664;3.0;0.749;0.817;0.776
3RHhNmN9eFeutAzyJ6SqnY;Ginga (Participação especial de Rincon Sapiência);60;True;"IZA; Rincon Sapiência";2;['afrofuturismo brasileiro, baile pop, pop nacional, r&b brasileiro', 'afrofuturismo brasileiro, baile pop, brazilian hip hop, trap brasileiro'];2.4147590070510965e-05;3.0;0.716;0.972;0.602
48UPSzbZjgc449aqz8bxox;Californication;81;False;Red Hot Chili Peppers;1;['alternative rock, funk metal, funk rock, permanent wave, post-grunge, rock'];0.0;6.0;0.592;0.767;0.328
6RUKPb4LETWmmr3iAEQktW;Something Just Like This;84;True;"Coldplay; The Chainsmokers";2;['permanent wave, pop', 'electropop, pop, tropical house'];4.829518014102193e-05;2.0;0.617;0.635;0.446
0A7yxYg9J8l6s7RLXEFhze;Aí Desgramou - Ao Vivo;45;True;"Talis e Welinton; Felipe Araújo";2;['sertanejo pop', 'sertanejo pop, sertanejo universitario'];0.004427058179593676;1.0;0.323;0.912;0.704
3bp5fh0qPmCqC5PWEewFkm;Oh Meu Deus;0;False;Projota;1;['brazilian hip hop, pop nacional'];0.0;2.0;0.726;0.804;0.45
5zSiXA70xM4kuSt6qim6jl;K.O.;59;False;Pabllo Vittar;1;['baile pop, funk carioca, pop nacional'];0.05312469815512412;3.0;0.689;0.713;0.922
2TihKW8ShdEEhKN3PSDEIq;Mais Amor e Menos Drama - Ao Vivo;63;False;Henrique & Juliano;1;['sertanejo universitario'];0.0006278373418332851;1.0;0.595;0.887;0.653
7krl54SfiKf4fMlM7lGlWc;Acabou Acabou (Quando Eu Digo Que Acabou) - Ao Vivo;0;True;"Wesley Safadão; Gabriel Diniz";2;['forro', 'forro, funk carioca, sertanejo pop'];0.04113334989168081;1.5;0.657;0.934;0.745
61GiOLLEn0LcavpVu1my6Q;Fuego;47;True;"Alok; Bhaskar";2;['brazilian edm, electro house, pop nacional', 'brazilian edm, brazilian house'];0.019692359702501692;2.0;0.72;0.643;0.325
0XLOf9LhyazPX9Ld8jPiUq;Fetish (feat. Gucci Mane);8;True;"Selena Gomez; Gucci Mane";2;['dance pop, pop, post-teen pop', 'atl hip hop, dirty south rap, hip hop, pop rap, rap, southern hip hop, trap'];0.0001448855404230658;5.0;0.708;0.61;0.305
75E2xyRjYAsmjfDeAwdW0D;Popotão Grandão;54;False;Mc Neguinho do ITR;1;['funk carioca, funk ostentacao'];0.0;2.0;0.974;0.365;0.862
2AUvXXgYuNFJMCPdhxONfa;Qual Bumbum Mais Bate;46;True;"MC WM; Os Cretinos";2;['baile pop, brazilian edm, funk carioca, funk ostentacao', 'funk carioca'];0.0076789336424224865;2.0;0.636;0.47;0.643
5LVWGCl4mjGFXDIvQbOGvr;Nessas Horas - Ao Vivo;1;False;Matheus & Kauan;1;['pop nacional, sertanejo universitario'];0.0407333048161793;2.0;0.462;0.519;0.575
5TY4l2xPjXDcRhG1cmZDK7;Found U;18;True;"Dimmi; Zeeba";2;['deep tropical house, tropical house', 'brazilian edm'];0.0025837921375446733;1.5;0.77;0.644;0.522
4Ck1C6ViZRVTWSVpWQnywS;Maldade;0;False;Maiara & Maraisa;1;['sertanejo pop, sertanejo universitario'];0.03204224218422998;2.0;0.797;0.693;0.714
3IfJVGTOfqoecb0bCm0CO8;Você Vai Entender (feat. Pablo Martins, Morgado, NaBrisa & Baviera);1;True;"Morgado; Pablo Martins; 1Kilo; Baviera; NaBrisa";5;['', '', 'brazilian edm, brazilian hip hop, trap brasileiro', '', 'brazilian hip hop'];8.886313145948035e-05;0.6;0.596;0.745;0.297
4Z6YruMINNspGet1gQyYlK;Supplies;45;False;Justin Timberlake;1;['dance pop, pop'];0.0;2.0;0.793;0.554;0.225
7KShGTrCjujjGb6rqGjd5r;Status Que Eu Não Queria - Acústico;53;False;Zé Neto & Cristiano;1;['sertanejo universitario'];0.0;1.0;0.698;0.633;0.766
5mR5GuercvLXgx4TPnGl9k;Mordida, Beijo e Tapa;43;False;Naiara Azevedo;1;['funk carioca, sertanejo pop, sertanejo universitario'];0.014024920312952759;3.0;0.891;0.887;0.732
12bMDI4NKm0arLS3PKv6Fo;Loka;0;True;"Simone & Simaria; Anitta";2;['funk carioca, pop nacional, sertanejo pop, sertanejo universitario', 'baile pop, funk carioca, funk das antigas, pagode baiano'];0.11685582278888572;3.5;0.631;0.839;0.688
0OuShHz7Oi531jev235a5d;A Gente Continua - Acústico;53;False;Zé Neto & Cristiano;1;['sertanejo universitario'];0.0;1.0;0.538;0.681;0.774
7IL3UOlcJ6nmcCMwpnlfcA;Something's Gotta Give;69;False;Camila Cabello;1;['dance pop, pop, post-teen pop'];0.0;3.0;0.545;0.458;0.164
3a1lNhkSLSkpJE4MSHpDu9;Congratulations;84;True;"Quavo; Post Malone";2;['atl hip hop, hip hop, melodic rap, pop rap, rap, trap', 'dfw rap, melodic rap, rap'];7.24427702115329e-05;3.5;0.63;0.804;0.492
2XW4DbS6NddZxRPm5rMCeY;God's Plan;15;False;Drake;1;['canadian hip hop, canadian pop, hip hop, pop rap, rap, toronto rap'];0.0;6.0;0.758;0.448;0.373
58tUwXG7xKE7gzNOp6Msca;Joga O Bum Bum Tam Tam;0;False;MC Fioti;1;['funk carioca'];0.0;1.0;0.94;0.492;0.447
5Htb1uFQ1KrkFXlefS8oGj;Tell Me You Love Me;3;False;Demi Lovato;1;['dance pop, pop, post-teen pop'];0.0;3.0;0.516;0.592;0.271
2OALaHcDdKkjYEpAr0Qzab;Lonely Together (feat. Rita Ora);56;True;"Avicii; Rita Ora";2;['big room, dance pop, edm, pop, tropical house', 'dance pop, edm, pop, pop rap, post-teen pop, tropical house, uk pop'];9.659036028204386e-05;4.0;0.655;0.666;0.272
6zZw7RPIs3IxDghP4UvWcY;Esqueci Como Namora (feat. Maiara & Maraisa);48;True;"Nego do Borel; Maiara & Maraisa";2;['baile pop, funk carioca, funk das antigas', 'sertanejo pop, sertanejo universitario'];0.02653958134978127;2.5;0.9;0.783;0.815
09IStsImFySgyp0pIQdqAc;The Middle;83;True;"Zedd; Grey; Maren Morris";3;['complextro, dance pop, edm, electro house, german techno, pop, post-teen pop, tropical house', 'pop edm', 'contemporary country, pop, texas country'];0.0;3.6666666666666665;0.753;0.657;0.437
0XLve6cs3OmA1E704IU8HL;Status Que Eu Não Queria - Acústico;0;False;Zé Neto & Cristiano;1;['sertanejo universitario'];0.0;1.0;0.698;0.633;0.766
4muZ1PUxmss4cVmYnpLrvs;Refém;69;False;Dilsinho;1;['pagode'];0.0;1.0;0.653;0.542;0.837
4YV827A7aWVswtyt0eWoWM;Sorte Que Cê Beija Bem - Ao Vivo;60;False;Maiara & Maraisa;1;['sertanejo pop, sertanejo universitario'];0.03204224218422998;2.0;0.539;0.882;0.492
7JdZZfozlODQ08ATf8xIZ6;Anti-Amor - Ao Vivo;67;True;"Gustavo Mioto; Jorge & Mateus";2;['sertanejo, sertanejo pop, sertanejo universitario', 'sertanejo, sertanejo universitario'];0.03213400302649795;1.5;0.643;0.541;0.499
6BPt2sVRvE41rUixcCAHY6;A Mala É Falsa - Ao Vivo;1;True;"Henrique & Juliano; Felipe Araújo";2;['sertanejo universitario', 'sertanejo pop, sertanejo universitario'];0.0047409768505103185;1.0;0.675;0.885;0.722
2mL3B5GilTm4dUT6P8LVpd;Pode Se Soltar;56;False;Jerry Smith;1;['baile pop, brega funk, funk carioca'];0.00024147590070510965;3.0;0.855;0.506;0.699
45wqPwIH4A5cr2IyyD4WKf;Eu Sei de Cor - Ao Vivo | Acústico;63;False;Marília Mendonça;1;['sertanejo'];0.03915451237966451;1.0;0.855;0.601;0.776
0u8aj0c4IxeVSLTUuuq9V5;Você Partiu Meu Coração (feat. Anitta & Wesley Safadão);59;True;"Wesley Safadão; Nego do Borel; Anitta";3;['forro', 'baile pop, funk carioca, funk das antigas', 'baile pop, funk carioca, funk das antigas, pagode baiano'];0.09972655728958253;1.6666666666666667;0.854;0.682;0.887
42TXKY5AaAn4dzAcRLyNoK;Ta Tum Tum;2;True;"Simone & Simaria; MC Kevinho";2;['funk carioca, pop nacional, sertanejo pop, sertanejo universitario', 'funk carioca, funk ostentacao'];0.027274587996117983;2.5;0.749;0.68;0.772
1BuSbqff6EcL8gkdkjaB63;Duro Igual Concreto;61;False;1Kilo;1;['brazilian edm, brazilian hip hop, trap brasileiro'];0.00031391867091664255;3.0;0.506;0.872;0.597
6MNGxu8MprKGkchUchkJsy;Machika;5;True;"J Balvin; Jeon; Anitta";3;['latin, reggaeton', 'ritmo kombina', 'baile pop, funk carioca, funk das antigas, pagode baiano'];0.10896695843088196;2.3333333333333335;0.615;0.833;0.538
2cwFhwT6L2D4Olc25nhyZo;Amor Da Sua Cama;2;False;Felipe Araújo;1;['sertanejo pop, sertanejo universitario'];0.008854116359187352;2.0;0.607;0.688;0.638
3Ga6eKrUFf12ouh9Yw3v2D;Downtown;74;True;"J Balvin; Anitta";2;['latin, reggaeton', 'baile pop, funk carioca, funk das antigas, pagode baiano'];0.1413916141169112;3.0;0.775;0.679;0.619
6EbWh7j1nLYNd2Gqlqvrc3;Mentalmente - Ao Vivo;43;True;"Naiara Azevedo; MC Kevinho";2;['funk carioca, sertanejo pop, sertanejo universitario', 'funk carioca, funk ostentacao'];0.015369251148735347;2.0;0.704;0.737;0.529
6VpQdig9pdpTSIFItgkJV5;Never Be the Same;66;False;Camila Cabello;1;['dance pop, pop, post-teen pop'];0.0;3.0;0.643;0.709;0.264
74gguwbBvfBTurNJUWFOsC;Largado As Traças - Acústico;64;False;Zé Neto & Cristiano;1;['sertanejo universitario'];0.0;1.0;0.799;0.743;0.669
1YUWhlQjFv7MQpcbb77zTL;Poesia Acústica #3: Capricorniana;68;True;"Pineapple StormTv; Maria; Tiago Mac; Lord; Choice; Sant; Salve Malak";7;['rap baiano, trap brasileiro', 'baile pop, pop nacional', 'brazilian hip hop', 'hungarian rock', 'brazilian hip hop, trap brasileiro', 'brazilian hip hop', ''];0.0004040696738465502;0.8571428571428571;0.727;0.585;0.565
3ao5U0ksMLvgSoJqOpsgmv;Oh Nanana;62;False;Bonde R300;1;['funk carioca'];0.0;1.0;0.606;0.536;0.614
6LnGwyHtgWPiogv6tB9TqI;Baldin de Gelo;0;False;Claudia Leitte;1;['axe, baile pop, funk carioca, mpb, pagode, pop nacional, sertanejo universitario'];0.0;7.0;0.691;0.786;0.674
3pGTULhIlK8hYLD7ZQzijS;Imaturo;0;False;Jão;1;['baile pop, funk carioca, nova mpb, pop nacional'];0.0;4.0;0.586;0.539;0.673
5Vw6ZLNB6Ko7VZM6vmNIbr;O Alvo (feat. Henrique & Juliano) - Ao Vivo;65;True;"Diego & Victor Hugo; Henrique & Juliano";2;['sertanejo pop, sertanejo universitario', 'sertanejo universitario'];0.001344215847258444;1.0;0.551;0.808;0.505
2FcFpTpLMCZknrLOZpgU0V;No Groove (Pega, Pega, Pega);0;True;"Psirico; Ivete Sangalo";2;['axe, forro, funk carioca, pagode, pagode baiano', 'axe, baile pop, mpb, pagode, pop nacional, samba reggae'];0.0044776531302176065;4.5;0.732;0.93;0.908
7q5agbUOzZnVF4Yes3AD7I;Deixa Ela Beijar;1;True;"MC Kevinho; Matheus & Kauan";2;['funk carioca, funk ostentacao', 'pop nacional, sertanejo universitario'];0.02872344340034862;2.0;0.801;0.648;0.891
7m9OqQk4RVRkw9JJdeAw96;Jocelyn Flores;88;False;XXXTENTACION;1;['emo rap, miami hip hop'];0.0;2.0;0.872;0.391;0.437
5knrAEjUMh6T2kDCN7YD2b;Sun Goes Down;6;True;"Isadora; Bruno Martini";2;['', 'brazilian edm, pop nacional'];0.007654786052351975;1.0;0.833;0.748;0.888
1zhfU6YXa2pXUAQdG1NvBZ;Vai Embrazando;59;True;"Mc Zaac; MC Vigary";2;['baile pop, funk carioca', ''];0.0025837921375446733;1.0;0.895;0.691;0.782
1n8MLpbFR0fuCjNnlyuHxS;Solteiro Apaixonado;47;False;Marcos & Belutti;1;['funk carioca, pagode, sertanejo, sertanejo pop, sertanejo universitario'];0.0;5.0;0.631;0.928;0.782
0Goo8GkDXERy3IFTQ8BYjz;Cerveja De Garrafa (Fumaça Que Eu Faço) - Ao Vivo;0;False;Atitude 67;1;['funk carioca, pagode, pop nacional'];0.0;3.0;0.67;0.834;0.645
0ofbQMrRDsUaVKq2mGLEAb;Havana;24;True;"Camila Cabello; Young Thug";2;['dance pop, pop, post-teen pop', 'atl hip hop, atl trap, gangster rap, melodic rap, pop rap, rap, trap'];0.0;5.0;0.768;0.517;0.418
1bhUWB0zJMIKr9yVPrkEuI;Perfect Duet (Ed Sheeran & Beyoncé);76;True;"Ed Sheeran; Beyoncé";2;['pop, uk pop', 'dance pop, pop, post-teen pop, r&b'];0.010757751376412637;2.5;0.587;0.299;0.356
0tgVpDi06FyKpA1z0VMD4v;Perfect;87;False;Ed Sheeran;1;['pop, uk pop'];0.005215879455230369;2.0;0.599;0.448;0.168
1qDZnViQgUItsMpWLVwfGb;Fica - Bonus Track;45;True;"ANAVITÓRIA; Matheus & Kauan";2;['folk brasileiro, nova mpb, pop nacional, portuguese pop', 'pop nacional, sertanejo universitario'];0.025510089093108486;2.5;0.645;0.505;0.499
2b9irL6QwOdbjJJldQoUOK;Ladrão;49;False;Naiara Azevedo;1;['funk carioca, sertanejo pop, sertanejo universitario'];0.014024920312952759;3.0;0.705;0.947;0.639
5aLvtKo9672scTVdEwXPTg;Eu Vou Te Buscar (Cha La La La La);56;True;"Hungria Hip Hop; Gusttavo Lima";2;['brasilia hip hop, brazilian edm, brazilian hip hop, trap brasileiro', 'sertanejo universitario'];0.005143436685018835;2.5;0.565;0.83;0.455
5qjMyKkmosPBws5cImS9Zz;Trincadinho - Ao Vivo;67;False;Jorge & Mateus;1;['sertanejo, sertanejo universitario'];0.023197784861070866;2.0;0.711;0.792;0.845
5SOxxG6ju1Oq2hpoa6wARV;Então Vai (Get By) (feat. Diplo);52;True;"Diplo; Pabllo Vittar";2;['bmore, edm, electropop, moombahton, ninja, pop, tropical house', 'baile pop, funk carioca, pop nacional'];0.02656234907756206;5.0;0.737;0.786;0.363
4FxumkF81ICxITeqxx4nK9;Sim ou não (participação especial Maluma);59;True;"Maluma; Anitta";2;['latin, reggaeton', 'baile pop, funk carioca, funk das antigas, pagode baiano'];0.09793802578502671;3.0;0.818;0.84;0.889
32DGGj6KlNuBr6WaqRxpxi;How Long;15;False;Charlie Puth;1;['dance pop, pop, post-teen pop, viral pop'];0.0;4.0;0.849;0.581;0.779
1R1HmdunvOnEK4bibKp7q5;Bonita, Lindinha e Sagaz;55;True;"Mc Davi; Mc Pedrinho";2;['brazilian edm, funk carioca, funk ostentacao', 'funk carioca, funk ostentacao'];0.0025837921375446733;1.5;0.712;0.465;0.829
2hgsL5UcOToRWUnNg9Jxfi;Não Deixo Não;0;False;Mano Walter;1;['forro, sertanejo pop, sertanejo universitario'];0.0;3.0;0.851;0.752;0.578
6KudLqrhlX4kc0ndlbf14E;Meu Mundo;0;True;"PK; MC Hariel; MC Cabelinho; WC no Beat; Orochi";5;['', 'funk carioca, funk ostentacao', 'brazilian hip hop, funk carioca, funk ostentacao', 'brazilian edm, brazilian hip hop, funk carioca, funk ostentacao', 'japanese power metal, oriental metal'];0.010812600902429938;1.2;0.866;0.552;0.499
1GO9vCm5Cra5uWGSWQ5mGK;In the Dark;60;False;Camila Cabello;1;['dance pop, pop, post-teen pop'];0.0;3.0;0.425;0.548;0.282
1504k2wy349EtgioaW78Ht;Quase - Ao Vivo;1;False;Cleber & Cauan;1;['sertanejo, sertanejo pop, sertanejo universitario'];0.0;3.0;0.764;0.548;0.646
0dmw9MBJeUeeEdsFOEbIaC;Cuidado;61;False;Gaab;1;['funk carioca, r&b brasileiro'];0.0;2.0;0.877;0.595;0.36
65NwOZqoXny4JxqAPlfxRF;Psycho (feat. Ty Dolla $ign);9;True;"Post Malone; Ty Dolla $ign";2;['dfw rap, melodic rap, rap', 'hip hop, pop, pop rap, r&b, southern hip hop, trap, trap soul'];7.24427702115329e-05;5.0;0.74;0.558;0.421
40bK2uosUmAS92c17n98xd;Acordando o Prédio;59;False;Luan Santana;1;['funk carioca, sertanejo pop, sertanejo universitario'];0.0;3.0;0.699;0.739;0.764
4fPUiN5BT02UXJkGlphfNs;Rebeca;54;True;"Maejor; Gerex; Mc Livinho";3;['detroit hip hop', '', 'baile pop, brazilian edm, funk carioca, funk ostentacao'];0.018597783941162686;1.6666666666666667;0.616;0.53;0.17
1Bq86AS6wf5a5cEB8CM6dZ;Exclusividade - Ao Vivo;0;False;Matheus & Kauan;1;['pop nacional, sertanejo universitario'];0.0407333048161793;2.0;0.68;0.841;0.483
1OAh8uOEOvTDqkKFsKksCi;Wild Thoughts (feat. Rihanna & Bryson Tiller);75;True;"DJ Khaled; Bryson Tiller; Rihanna";3;['dance pop, dirty south rap, hip hop, miami hip hop, pop, pop rap, rap, southern hip hop, trap, urban contemporary', 'pop, pop rap, rap, trap', 'barbadian pop, dance pop, pop, post-teen pop, r&b, urban contemporary'];0.003412859396632216;4.333333333333333;0.671;0.672;0.632
6etab3UBCo5GOTMZqUvRka;Ta Tum Tum;60;True;"Simone & Simaria; MC Kevinho";2;['funk carioca, pop nacional, sertanejo pop, sertanejo universitario', 'funk carioca, funk ostentacao'];0.027274587996117983;2.5;0.746;0.683;0.748
6wXYGqXCLtEHx4VDb2TPcM;Apelido Carinhoso;65;False;Gusttavo Lima;1;['sertanejo universitario'];0.01028687337003767;1.0;0.708;0.82;0.654
6vve9WKW5I7fQzkU8dNsUE;E Essa Boca Aí? - Ao Vivo;55;False;Bruninho & Davi;1;['pagode, sertanejo, sertanejo pop, sertanejo universitario'];0.0;4.0;0.585;0.984;0.683
6h78dT41teS3xbyVwKBLV7;Joga Bunda;52;True;"Aretuza Lovi; Pabllo Vittar; Gloria Groove";3;['baile pop, funk carioca', 'baile pop, funk carioca, pop nacional', 'baile pop, funk carioca, pop'];0.017708232718374708;1.3333333333333333;0.682;0.962;0.962
7vgNGxchhqDQWjKjLPTPro;Abusadamente;57;True;"MC Gustta; MC DG";2;['funk carioca', ''];0.0;0.5;0.778;0.644;0.391
3A1LphuJ5lQD6NjPtxtYFh;Aquela Pessoa - Ao Vivo;67;False;Henrique & Juliano;1;['sertanejo universitario'];0.0006278373418332851;1.0;0.688;0.744;0.751
5qqabIl2vWzo9ApSC317sa;Wonderwall - Remastered;78;False;Oasis;1;['britpop, madchester, modern rock, permanent wave, rock'];0.0;5.0;0.378;0.896;0.469
66kQ7wr4d2LwwSjr7HXcyr;All The Stars (with SZA);63;True;"Kendrick Lamar; SZA";2;['conscious hip hop, hip hop, rap, west coast rap', 'pop, pop rap, rap'];0.01272577996715928;3.0;0.705;0.628;0.465
01TYBVirOZoaY5Uw2kLGwp;A Culpa É Dele;1;True;"Marília Mendonça; Maiara & Maraisa";2;['sertanejo', 'sertanejo pop, sertanejo universitario'];0.035598377281947244;1.5;0.838;0.602;0.729
7m3ciRxLcU3xJbWEDBoThG;Estranho;1;False;Marília Mendonça;1;['sertanejo'];0.03915451237966451;1.0;0.739;0.504;0.391
0YK4RDyccDYO5aWQGKMZ2h;Chave Cópia - Ao Vivo;0;True;"Jorge & Mateus; Felipe Araújo";2;['sertanejo, sertanejo universitario', 'sertanejo pop, sertanejo universitario'];0.01602595061012911;1.5;0.613;0.857;0.522
1IcbQvHb9B7MikgQjfJtAl;Beber Com Emergência - Ao Vivo;55;False;Jefferson Moraes;1;['sertanejo, sertanejo pop, sertanejo universitario'];0.0;3.0;0.725;0.793;0.647
2UILpaI5fj9x7VoDC13eK0;Ausência;1;False;Marília Mendonça;1;['sertanejo'];0.03915451237966451;1.0;0.824;0.486;0.82
4jCK9FJrxb8eB5vJpUsrLb;Distante do Perfeito - Ao Vivo;57;False;Jorge & Mateus;1;['sertanejo, sertanejo universitario'];0.023197784861070866;2.0;0.725;0.746;0.717
3m660poUr1chesgkkjQM7P;Sorry Not Sorry;13;False;Demi Lovato;1;['dance pop, pop, post-teen pop'];0.0;3.0;0.704;0.633;0.863
7Ed6BkggCS2KaKY5YlINaF;MIC Drop (feat. Desiigner) [Steve Aoki Remix];64;True;"BTS; Steve Aoki; Desiigner";3;['k-pop, k-pop boy group', 'big room, dance pop, edm, electro house, tropical house', 'pop rap, rap, southern hip hop, trap, viral trap'];0.0;4.0;0.613;0.842;0.645
5CLGzJsGqhCEECcpnFQA8x;These Days (feat. Jess Glynne, Macklemore & Dan Caplen);79;True;"Dan Caplen; Macklemore; Jess Glynne; Rudimental";4;['neo soul, uk contemporary r&b', 'pop rap', 'dance pop, pop, post-teen pop, tropical house, uk pop', 'dance pop, edm, liquid funk, pop, tropical house, uk dance, uk funky, uk pop'];0.0;3.0;0.653;0.809;0.55
08bNPGLD8AhKpnnERrAc6G;FRIENDS;83;True;"Anne-Marie; Marshmello";2;['dance pop, pop, post-teen pop, tropical house, uk pop', 'brostep, pop, progressive electro house'];0.0003380662609871535;3.5;0.626;0.88;0.534
2IKZkwHI5zsZf70STuhvOX;Sick Boy;5;False;The Chainsmokers;1;['electropop, pop, tropical house'];9.659036028204386e-05;3.0;0.548;0.58;0.462
39N9RPD9MRb5WmoLzNzPeA;X;27;True;"Nicky Jam; J Balvin";2;['latin, latin hip hop, reggaeton, tropical', 'latin, reggaeton'];0.04603738046942915;2.0;0.595;0.773;0.711
4BLyDt62gonjl7b2k41d6Y;Bebida Na Ferida - Acústico;0;False;Zé Neto & Cristiano;1;['sertanejo universitario'];0.0;1.0;0.658;0.606;0.426
1xd3OqTbx17HutN7RfJOTj;Big Jet Plane;65;True;"Alok; Mathieu Koss";2;['brazilian edm, electro house, pop nacional', 'new french touch'];0.019692359702501692;2.0;0.647;0.713;0.277
0afhq8XCExXpqazXczTSve;Galway Girl;80;False;Ed Sheeran;1;['pop, uk pop'];0.005215879455230369;2.0;0.624;0.876;0.781
30pVSKdzBpZ9Np4Y2bJbFM;Fuego;65;True;"Alok; Bhaskar";2;['brazilian edm, electro house, pop nacional', 'brazilian edm, brazilian house'];0.019692359702501692;2.0;0.72;0.643;0.325
6uyMtLQXZ8amkLyv5l7F7O;Transplante;63;True;"Marília Mendonça; Bruno & Marrone";2;['sertanejo', 'sertanejo, sertanejo pop, sertanejo universitario'];0.022877426832802087;1.5;0.663;0.703;0.651
3HxM4lAPdlTxdl60Ecn092;Das 9 às 6;48;False;Henrique & Diego;1;['brazilian edm, sertanejo, sertanejo pop, sertanejo universitario'];0.00012073795035255482;4.0;0.627;0.798;0.859
2bFuWE2oCgdhW5A20V9ILC;Vale por Dez - Ao Vivo;58;False;Jorge & Mateus;1;['sertanejo, sertanejo universitario'];0.023197784861070866;2.0;0.678;0.811;0.666
6ys0kXJnE7wBQKvGrTg0VQ;Tô Com Moral No Céu! - Ao Vivo;2;False;Matheus & Kauan;1;['pop nacional, sertanejo universitario'];0.0407333048161793;2.0;0.436;0.756;0.716
2JfXj2TERIkHwJpnG9f8uX;Sick Boy;4;False;The Chainsmokers;1;['electropop, pop, tropical house'];9.659036028204386e-05;3.0;0.548;0.58;0.462
66wtCJjGr2mE6lLaLwkj6i;Acabou Acabou (Quando Eu Digo Que Acabou) - Ao Vivo;0;True;"Wesley Safadão; Gabriel Diniz";2;['forro', 'forro, funk carioca, sertanejo pop'];0.04113334989168081;1.5;0.655;0.935;0.753
1zsG4eaZmkA1dvjDDsAGLK;Échame La Culpa;20;True;"Luis Fonsi; Demi Lovato";2;['latin, latin pop, puerto rican pop, tropical', 'dance pop, pop, post-teen pop'];9.659036028204386e-05;3.5;0.724;0.895;0.64
6WbADFqMvR8N5u0BvtsWQE;Without You (feat. Sandro Cavazza);25;True;"Avicii; Sandro Cavazza";2;['big room, dance pop, edm, pop, tropical house', 'swedish pop'];4.829518014102193e-05;3.0;0.652;0.855;0.279
7wvYmO5QscgIDDT0eNwbYX;Lost In Japan;15;False;Shawn Mendes;1;['canadian pop, dance pop, pop, post-teen pop, viral pop'];0.0;5.0;0.726;0.708;0.417
0BxCStBKNEeV8vXvWLOJXQ;Harry porra;34;False;Mc Maha;1;['funk carioca'];0.0;1.0;0.703;0.648;0.651
7sTtHHrD0zDpmzQzH3zegz;Consequences;75;False;Camila Cabello;1;['dance pop, pop, post-teen pop'];0.0;3.0;0.455;0.292;0.43
6wLsDD4wXkypWRM9fn1ZZ0;Tic Nervoso (Participação Especial Anitta);54;True;"Harmonia Do Samba; Anitta";2;['axe, forro, funk carioca, pagode, pagode baiano', 'baile pop, funk carioca, funk das antigas, pagode baiano'];0.09793802578502671;3.5;0.811;0.729;0.852
57AmbM2loMyozAU1kjW308;Era uma Vez;2;False;Kell Smith;1;['baile pop, mpb, nova mpb'];0.0;3.0;0.68;0.449;0.145
7u9maPG2E4cN9qChpe80qm;Paraíso;52;True;"Lucas Lucco; Pabllo Vittar";2;['funk carioca, sertanejo, sertanejo pop, sertanejo universitario', 'baile pop, funk carioca, pop nacional'];0.04146141215106733;3.0;0.482;0.657;0.314
7qiZfU4dY1lWllzX7mPBI3;Shape of You;86;False;Ed Sheeran;1;['pop, uk pop'];0.005215879455230369;2.0;0.825;0.652;0.931
2ekn2ttSfGqwhhate0LSR0;New Rules;83;False;Dua Lipa;1;['dance pop, pop, uk pop'];0.0;3.0;0.762;0.7;0.608
4gOgVYsfTUNp8GifD8GI7e;Pirata e tesouro - Ao vivo;56;False;Ferrugem;1;['pagode'];0.0;1.0;0.571;0.777;0.583
1XUAAp2Hs03Yq6E6hWxOh5;Matéria de amor (Participação especial de Matheus & Kauan);48;True;"Paula Mattos; Matheus & Kauan";2;['sertanejo pop, sertanejo universitario', 'pop nacional, sertanejo universitario'];0.02036665240808965;1.5;0.536;0.673;0.51
7jqDzXJS0K0Re8uphYNit0;Sick Boy;10;False;The Chainsmokers;1;['electropop, pop, tropical house'];9.659036028204386e-05;3.0;0.548;0.58;0.462
12lOxvml5EBvSCzQll7xVS;Contrato;61;False;Jorge & Mateus;1;['sertanejo, sertanejo universitario'];0.023197784861070866;2.0;0.828;0.631;0.831
35ieKju5aLWFN5UgfJ27mL;SAD!;4;False;XXXTENTACION;1;['emo rap, miami hip hop'];0.0;2.0;0.74;0.613;0.473
7yYOMPwpV5CsK0cxoAZT6B;Encaixa;50;True;"MC Kevinho; Leo Santana";2;['funk carioca, funk ostentacao', 'axe, funk carioca, pagode, pagode baiano, pop nacional'];0.011051432067079698;3.0;0.674;0.789;0.874
7q4aClIlFcgyVQDACJQdmG;Cante por Nós;64;True;"Breno Miranda; Vintage Culture; KVSH";3;['brazilian edm', 'brazilian edm', 'brazilian edm'];0.0;0.3333333333333333;0.776;0.819;0.735
2caWIcrS6CLQDB5WglieeA;Menina Braba;49;False;Jerry Smith;1;['baile pop, brega funk, funk carioca'];0.00024147590070510965;3.0;0.887;0.573;0.652
4trOLZ5ybHUHHngGL1Mzbg;Cerveja De Garrafa (Fumaça Que Eu Faço) - Ao Vivo;0;False;Atitude 67;1;['funk carioca, pagode, pop nacional'];0.0;3.0;0.67;0.836;0.633
1l5FjCM1aPOtoHxZbQ6HQX;Parece Namoro;0;False;Marília Mendonça;1;['sertanejo'];0.03915451237966451;1.0;0.925;0.59;0.681
5tz69p7tJuGPeMGwNTxYuV;1-800-273-8255;81;True;"Alessia Cara; Logic; Khalid";3;['canadian contemporary r&b, canadian pop, dance pop, electropop, pop, post-teen pop', 'conscious hip hop, dmv rap, hip hop, pop rap, rap', 'alternative r&b, pop'];0.000225377507324769;4.0;0.62;0.574;0.352
4uD7ypL7pDmOiMiVX6TCCa;3 Dias Virado;62;False;Mc IG;1;['funk carioca, funk ostentacao'];0.0;2.0;0.823;0.474;0.833
4cn0Y9VlOUQ1CcdqTz0ROp;Noites Frustradas - Ao Vivo;46;True;"Jads & Jadson; Gusttavo Lima";2;['sertanejo, sertanejo pop, sertanejo tradicional, sertanejo universitario', 'sertanejo universitario'];0.005143436685018835;2.0;0.641;0.853;0.378
6tuzPD1zPPvwMbGiD0TBay;Fuleragem;62;False;MC WM;1;['baile pop, brazilian edm, funk carioca, funk ostentacao'];0.015357867284844973;4.0;0.808;0.836;0.755
7ieFtgZBYSC94nGs5yF0Wk;Azul Piscina;55;False;Mc Livinho;1;['baile pop, brazilian edm, funk carioca, funk ostentacao'];0.02444840004967508;4.0;0.565;0.404;0.683
2evRcqkyzWqaD9DJtP2oaU;Rabetão;54;False;MC Lan;1;['baile pop, funk carioca, funk ostentacao'];0.020090794938665123;3.0;0.639;0.331;0.655
4YhPcVIxIAJrLhFVPGbJkE;De Quem É a Culpa? - Ao Vivo;65;False;Marília Mendonça;1;['sertanejo'];0.03915451237966451;1.0;0.604;0.433;0.257
6bgUZoUBzPLMwRE8My55M3;Coração Mal Assombrado;1;False;Marília Mendonça;1;['sertanejo'];0.03915451237966451;1.0;0.786;0.551;0.478
7nxAHrhpQ31kZtcbzaNMwl;Bobinha - Ao Vivo;60;False;Jorge & Mateus;1;['sertanejo, sertanejo universitario'];0.023197784861070866;2.0;0.412;0.593;0.623
4dn3dKop2NYASn99fUlfO1;Anti Saudade - Ao Vivo;0;False;Matheus & Kauan;1;['pop nacional, sertanejo universitario'];0.0407333048161793;2.0;0.673;0.793;0.585
0J1nrpMkNrL10jEL9QhItw;Menina Maluquinha - Ao Vivo;59;False;Jorge & Mateus;1;['sertanejo, sertanejo universitario'];0.023197784861070866;2.0;0.593;0.726;0.753
43ZyHQITOjhciSUUNPVRHc;Gucci Gang;74;False;Lil Pump;1;['emo rap, miami hip hop, rap, trap'];0.0;4.0;0.936;0.523;0.699
1kNVJQEkobOlyfbctPZ4fs;Amar Amei;59;False;Mc Don Juan;1;['funk carioca, funk ostentacao'];0.04303100550565054;2.0;0.675;0.493;0.817
4yjljBusKH0hgsIzHlF85T;Solta a batida;55;False;Ludmilla;1;['baile pop, funk carioca, funk das antigas, pagode baiano'];0.0;4.0;0.853;0.822;0.79
4eWQlBRaTjPPUlzacqEeoQ;Never Be the Same;75;False;Camila Cabello;1;['dance pop, pop, post-teen pop'];0.0;3.0;0.637;0.713;0.243
3lInRGfft6CCsJJPZX3AXq;Big Jet Plane;31;True;"Alok; Mathieu Koss";2;['brazilian edm, electro house, pop nacional', 'new french touch'];0.019692359702501692;2.0;0.647;0.713;0.277
7axUFknd7qNPoBmp8Bpy9t;Deixaria Tudo;46;False;João Bosco & Vinicius;1;['sertanejo, sertanejo pop, sertanejo universitario'];0.0;3.0;0.58;0.47;0.604
7EI6Iki24tBHAMxtb4xQN2;Anywhere;71;False;Rita Ora;1;['dance pop, edm, pop, pop rap, post-teen pop, tropical house, uk pop'];9.659036028204386e-05;7.0;0.628;0.797;0.321
2ARqIya5NAuvFVHSN3bL0m;The Middle;20;True;"Zedd; Grey; Maren Morris";3;['complextro, dance pop, edm, electro house, german techno, pop, post-teen pop, tropical house', 'pop edm', 'contemporary country, pop, texas country'];0.0;3.6666666666666665;0.748;0.652;0.431
15MJGWNReEUQg5bmVmBjvh;Check-In;46;False;Luan Santana;1;['funk carioca, sertanejo pop, sertanejo universitario'];0.0;3.0;0.723;0.732;0.782
6fxVffaTuwjgEk5h9QyRjy;Photograph;67;False;Ed Sheeran;1;['pop, uk pop'];0.005215879455230369;2.0;0.614;0.379;0.201
5aAx2yezTd8zXrkmtKl66Z;Starboy;15;True;"The Weeknd; Daft Punk";2;['canadian contemporary r&b, canadian pop, pop', 'electro, filter house'];0.0025837921375446733;2.5;0.681;0.594;0.535
12hqpRynT8G2Hwm9QzPFkd;Meu Mundo;56;True;"MC Cabelinho; WC no Beat; Hariel; Orochi; Pk";5;['brazilian hip hop, funk carioca, funk ostentacao', 'brazilian edm, brazilian hip hop, funk carioca, funk ostentacao', '', 'brazilian hip hop, funk carioca', 'brazilian edm, funk carioca'];0.0030177588276689986;0.8;0.873;0.569;0.488
4C6IBSWdeKpiEChXGhZaRs;Road;1;True;"Johnny Franco; Timbaland; Bruno Martini";3;['', 'dance pop, hip hop, hip pop, pop, pop rap, urban contemporary', 'brazilian edm, pop nacional'];0.005103190701567984;2.6666666666666665;0.592;0.882;0.577
6P8v1a8jyfwG5kc7Si1kUp;Amante Não Tem Lar - Ao Vivo;64;False;Marília Mendonça;1;['sertanejo'];0.03915451237966451;1.0;0.654;0.815;0.661
7wGoVu4Dady5GV0Sv4UIsx;rockstar;16;True;"21 Savage; Post Malone";2;['atl hip hop, rap, trap', 'dfw rap, melodic rap, rap'];7.24427702115329e-05;2.5;0.577;0.522;0.119
2ZuG40RDVJQwEaRWQu7Gh4;Bebida Na Ferida - Acústico;55;False;Zé Neto & Cristiano;1;['sertanejo universitario'];0.0;1.0;0.658;0.606;0.426
2srL4DYBekshpbprS6H0mO;Deixe Me Ir - Acústico;69;True;"1Kilo; Baviera; Knust";3;['brazilian edm, brazilian hip hop, trap brasileiro', '', 'brazilian hip hop'];0.00013522650439486142;1.0;0.555;0.439;0.705
5Zha6IxtfsLjqLYndyWcER;Bom Rapaz (feat. Jorge & Mateus) - Ao Vivo;54;True;"Jorge & Mateus; Fernando & Sorocaba";2;['sertanejo, sertanejo universitario', 'sertanejo, sertanejo pop, sertanejo universitario'];0.011598892430535433;1.5;0.579;0.864;0.561
3A7qX2QjDlPnazUsRk5y0M;2U (feat. Justin Bieber);71;True;"David Guetta; Justin Bieber";2;['dance pop, edm, pop, tropical house', 'canadian pop, pop, post-teen pop'];0.00019318072056408772;3.0;0.548;0.65;0.557
2loApP0kPaim0BTDVP9F26;Movimento da sanfoninha - Ao vivo;61;False;Anitta;1;['baile pop, funk carioca, funk das antigas, pagode baiano'];0.19587605157005342;4.0;0.76;0.999;0.0807
5UEnHoDYpsxlfzWLZIc7LD;River (feat. Ed Sheeran);19;True;"Ed Sheeran; Eminem";2;['pop, uk pop', 'detroit hip hop, g funk, hip hop, rap'];0.0026079397276151843;3.0;0.757;0.748;0.693
75JFxkI2RXiU7L9VXzMkle;The Scientist;84;False;Coldplay;1;['permanent wave, pop'];0.0;2.0;0.56;0.442;0.212
2wc8HF4fqX4oPBuZnadO8t;Lei do Retorno;53;True;"MC Hariel; Mc Don Juan";2;['funk carioca, funk ostentacao', 'funk carioca, funk ostentacao'];0.04100605759545198;1.0;0.625;0.699;0.789
4nwQ1SG9CsAl4XoKuScF0r;Poesia Acústica #4: Todo Mundo Odeia Acústico;64;True;"Pineapple StormTv; Delacruz; Azzy; Djonga; Froid; Bob do Contra; MV Bill; Salve Malak";8;['rap baiano, trap brasileiro', 'brazilian hip hop, pop nacional', 'brazilian hip hop', 'afrofuturismo brasileiro, brazilian hip hop', 'brasilia hip hop, brazilian hip hop', 'brazilian hip hop', 'brazilian hip hop, funk ostentacao', ''];0.00037421447157755467;0.875;0.707;0.622;0.694
5AEtlRudpgdT5FtNiuly6Y;Let Me Go (with Alesso, Florida Georgia Line & watt);20;True;"Florida Georgia Line; Alesso; watt; Hailee Steinfeld";4;['contemporary country, country, country pop, country road, modern country rock', 'big room, dance pop, edm, electro house, pop, progressive electro house, progressive house, tropical house', 'modern alternative rock', 'dance pop, pop, post-teen pop'];0.0063145948034386175;3.75;0.659;0.717;0.71
2JnvMToHG03X15PR6Z9DeA;Villamix (Suave);0;True;"Alok; Matheus & Kauan";2;['brazilian edm, electro house, pop nacional', 'pop nacional, sertanejo universitario'];0.04005901211059135;2.0;0.584;0.635;0.517
5RTlMCZVt96sXsG3L2ideT;Psiquiatra do Bumbum (Bumbum Endoidado);44;True;"Wesley Safadão; Leo Santana";2;['forro', 'axe, funk carioca, pagode, pagode baiano, pop nacional'];0.04382799096650154;3.0;0.649;0.873;0.945
4KTU5aa5s547f1JF5DImhF;Man of the Woods;57;False;Justin Timberlake;1;['dance pop, pop'];0.0;2.0;0.624;0.452;0.724
75AtrLBAWdyTXs2TDAAIN3;Círculo - Ao Vivo;0;False;Matheus & Kauan;1;['pop nacional, sertanejo universitario'];0.0407333048161793;2.0;0.667;0.876;0.517
2gl2F5Z6ReNVh0wcyPLCKA;Pegada Que Desgrama;54;False;Naiara Azevedo;1;['funk carioca, sertanejo pop, sertanejo universitario'];0.014024920312952759;3.0;0.762;0.755;0.557
6mrKP2jyIQmM0rw6fQryjr;Let You Down;17;False;NF;1;['hip hop, pop rap, rap'];0.0;3.0;0.659;0.716;0.437
76NzI3TmJCAvw28nB3EGk2;Contrário;49;False;Jonas Esticado;1;['forro, sertanejo pop'];0.0;2.0;0.64;0.741;0.949
0dGqIEsFN3KakdPCMkgjre;Dona Maria;62;True;"Thiago Brava; Jorge";2;['funk carioca, sertanejo pop, sertanejo universitario', 'sertanejo pop'];0.0;1.5;0.746;0.447;0.924
7BKLCZ1jbUBVqRi2FVlTVw;Closer;85;True;"Halsey; The Chainsmokers";2;['dance pop, electropop, etherpop, indie poptimism, pop, post-teen pop', 'electropop, pop, tropical house'];9.659036028204386e-05;3.5;0.748;0.524;0.661
5xi2SXmF3A5AIsuGXiUIZu;Inside Out;57;False;Camila Cabello;1;['dance pop, pop, post-teen pop'];0.0;3.0;0.737;0.697;0.655
0KonfvlVFCjeYskMNiJPaX;De Sol A Sol - Ao Vivo;0;False;Matheus & Kauan;1;['pop nacional, sertanejo universitario'];0.0407333048161793;2.0;0.575;0.861;0.392
1mBx8G3GBajrV0eTeYQshc;Quem Ensinou Fui Eu;53;False;Maiara & Maraisa;1;['sertanejo pop, sertanejo universitario'];0.03204224218422998;2.0;0.748;0.849;0.762
5Ufele27Idk8xPHYMh85Ra;Vou Pegar;53;True;"Dennis DJ; Mc Don Juan";2;['baile pop, brazilian edm, funk carioca, funk das antigas', 'funk carioca, funk ostentacao'];0.049917093274091245;2.5;0.884;0.57;0.817
3aiCv6JFOfmNWHMOcb6vQB;Tô Entrando pra Família - Ao Vivo;22;False;Hugo & Tiago;1;['sertanejo, sertanejo pop, sertanejo universitario'];0.0;3.0;0.65;0.777;0.756
3X5zRkzlpTiajlkI9QXQUz;Meu Amor - Ao Vivo;61;False;Henrique & Juliano;1;['sertanejo universitario'];0.0006278373418332851;1.0;0.403;0.871;0.775
5hM6sP0Gh1jD57drszNueC;For You (Fifty Shades Freed) (& Rita Ora);11;True;"Rita Ora; Liam Payne";2;['dance pop, edm, pop, pop rap, post-teen pop, tropical house, uk pop', 'dance pop, edm, pop, post-teen pop, tropical house'];4.829518014102193e-05;3.5;0.483;0.799;0.171
0CcQNd8CINkwQfe1RDtGV6;Believer;19;False;Imagine Dragons;1;['modern rock, rock'];0.0;2.0;0.779;0.787;0.708
7iDa6hUg2VgEL1o1HjmfBn;Meant to Be (feat. Florida Georgia Line);81;True;"Florida Georgia Line; Bebe Rexha";2;['contemporary country, country, country pop, country road, modern country rock', 'dance pop, electropop, pop, post-teen pop'];0.0025837921375446733;4.5;0.643;0.783;0.579
2hsTAVEFj49m4EEyxKJpO3;Olhares Sinceros - Ao Vivo;59;False;Jorge & Mateus;1;['sertanejo, sertanejo universitario'];0.023197784861070866;2.0;0.72;0.813;0.477
4kv5hKUPfXYsqcSeWvVmo6;A Casa Chora - Ao Vivo;0;True;"Gabriel Diniz; Maiara & Maraisa";2;['forro, funk carioca, sertanejo pop', 'sertanejo pop, sertanejo universitario'];0.01602112109211499;2.0;0.58;0.882;0.528
6sCfaHWF2ctJKLBsQg8a1v;Sinceramente (feat. Gusttavo Lima) - Ao Vivo;51;True;"Solange Almeida; Gusttavo Lima";2;['forro, sertanejo pop', 'sertanejo universitario'];0.01274992755722979;1.5;0.692;0.942;0.831
39vJqbfolMyPJtJuyoj1EM;Avisa Que Eu Cheguei - Ao Vivo;50;True;"Naiara Azevedo; Ivete Sangalo";2;['funk carioca, sertanejo pop, sertanejo universitario', 'axe, baile pop, mpb, pagode, pop nacional, samba reggae'];0.011490113286693986;4.5;0.669;0.912;0.676
4F6wWmmWUG7MxMp0Yva7Qk;Tô Apaixonado Nessa Mina;41;False;MC Kevinho;1;['funk carioca, funk ostentacao'];0.016713581984517938;2.0;0.835;0.604;0.571
6YdjKSjVCnaG4Snrkxmv9a;Não Era Você;53;False;João Bosco & Vinicius;1;['sertanejo, sertanejo pop, sertanejo universitario'];0.0;3.0;0.671;0.625;0.683
2d3TbSkAscvT3QRQalq6uT;Te Assumi Pro Brasil - Ao Vivo;0;False;Matheus & Kauan;1;['pop nacional, sertanejo universitario'];0.0407333048161793;2.0;0.63;0.827;0.484
3ibRxEv4KkcU9e259eyNJA;Sua cara (feat. Anitta & Pabllo Vittar);3;True;"Pabllo Vittar; Major Lazer; Anitta";3;['baile pop, funk carioca, pop nacional', 'dance pop, edm, electro house, moombahton, pop, pop rap, tropical house', 'baile pop, funk carioca, funk das antigas, pagode baiano'];0.08300024990839251;4.0;0.789;0.767;0.637
1mXVgsBdtIVeCLJnSnmtdV;Too Good At Goodbyes;82;False;Sam Smith;1;['pop, post-teen pop, uk pop'];0.0;3.0;0.681;0.372;0.476
4kkQGhScJDzNIIGavQE9SN;Corpo Sensual (feat. Mateus Carrilho);57;True;"Mateus Carrilho; Pabllo Vittar";2;['baile pop, brega funk, funk carioca', 'baile pop, funk carioca, pop nacional'];0.02656234907756206;2.0;0.717;0.918;0.962
4bXwQ9ZcMjoN28b4J9bykr;Só Vem! - Ao Vivo;53;True;"Thiaguinho; Ludmilla";2;['pagode, sertanejo universitario', 'baile pop, funk carioca, funk das antigas, pagode baiano'];0.0;3.0;0.766;0.782;0.904
4zWO4gvuFtw6EJZC5FFGlr;Bum Bum Tam Tam;8;True;"Future; Juan Magán; J Balvin; Stefflon Don; MC Fioti";5;['atl hip hop, pop rap, rap, southern hip hop, trap', 'dance pop, electro latino, latin, latin pop, reggaeton, spanish pop, tropical', 'latin, reggaeton', 'dancehall, pop, pop rap, uk dancehall, uk hip hop', 'funk carioca'];0.026185646672462093;3.4;0.896;0.673;0.714
1Wolb8MRcXR2IMMaELTRpE;Envolvimento;54;False;MC Loma e As Gêmeas Lacração;1;['baile pop, brega funk, funk carioca'];0.0;3.0;0.852;0.902;0.965
2SHV5i5c0rHZcRCGaIsMaY;A Gente Continua;0;False;Zé Neto & Cristiano;1;['sertanejo universitario'];0.0;1.0;0.538;0.681;0.774
5troof8mcGO3AafoDbk1gc;Look What You Made Me Do;13;False;Taylor Swift;1;['dance pop, pop, post-teen pop'];0.0;3.0;0.766;0.709;0.506
1W6wxOOYyJyyok8fqYSZ3m;Top Off (feat. JAY Z, Future & Beyoncé);58;True;"DJ Khaled; Future; JAY-Z; Beyoncé";4;['dance pop, dirty south rap, hip hop, miami hip hop, pop, pop rap, rap, southern hip hop, trap, urban contemporary', 'atl hip hop, pop rap, rap, southern hip hop, trap', 'east coast hip hop, hip hop, pop rap, rap', 'dance pop, pop, post-teen pop, r&b'];0.017639814546508262;3.5;0.573;0.591;0.232
6X5jBkAFu7HE3jigdoVW3r;Se é pra Gente Ficar (feat. Wesley Safadão);51;True;"Wesley Safadão; Solange Almeida";2;['forro', 'forro, sertanejo pop'];0.04873984076389177;1.0;0.717;0.859;0.703
1BLjmMShWtNFu6nqqoIokC;Cerveja De Garrafa (Fumaça Que Eu Faço) - Ao Vivo;0;False;Atitude 67;1;['funk carioca, pagode, pop nacional'];0.0;3.0;0.672;0.837;0.661
5PB8zB1MOZASboLquvinMF;Reggaetón Lento (Remix);60;True;"CNCO; Little Mix";2;['boy band, latin, latin pop, reggaeton, tropical', 'dance pop, girl group, pop, post-teen pop, talent show, uk pop'];0.0;5.5;0.623;0.909;0.651
6pSYjx66rlqRmGGTHhnjCo;Fazer Falta;62;False;Mc Livinho;1;['baile pop, brazilian edm, funk carioca, funk ostentacao'];0.02444840004967508;4.0;0.532;0.467;0.249
05rJdH2MRLJ3sQoEUO78qs;Paradinha;61;False;Anitta;1;['baile pop, funk carioca, funk das antigas, pagode baiano'];0.19587605157005342;4.0;0.695;0.775;0.869
2U94QDSo9N4e1iXrjo7KAB;Terra Sem CEP - Ao Vivo;63;False;Jorge & Mateus;1;['sertanejo, sertanejo universitario'];0.023197784861070866;2.0;0.676;0.644;0.648
7vxMtIwEn1bUKTqPKEMzJJ;Linda;1;True;"ANAVITÓRIA; Projota";2;['folk brasileiro, nova mpb, pop nacional, portuguese pop', 'brazilian hip hop, pop nacional'];0.005143436685018835;2.5;0.776;0.711;0.682
6bbKbaqpPRQWvCrqlAhypu;A Mil por Hora - Ao Vivo;57;False;Jorge & Mateus;1;['sertanejo, sertanejo universitario'];0.023197784861070866;2.0;0.67;0.838;0.619
5WrEqIllVjKgdmAmbhmKcY;Nome Desconhecido (ID: 5WrEqIllVjKgdmAmbhmKcY);0;False;Mc Diguinho;1;[''];0.0;0.0;0.866;0.464;0.644
71bBFbfn2OBK5QwUJSLS44;More Than You Know;11;False;Axwell /\ Ingrosso;1;['big room, dance pop, edm, electro house, pop, tropical house'];0.0;6.0;0.642;0.733;0.519
2yGnStdGP0V45lPXAJpmDb;Agora Eu Quero Ir;3;False;ANAVITÓRIA;1;['folk brasileiro, nova mpb, pop nacional, portuguese pop'];0.01028687337003767;4.0;0.733;0.308;0.319
2Gvn46nwyQhUnQiFhlP7WX;Como Faz Com Ela - Ao Vivo;64;False;Marília Mendonça;1;['sertanejo'];0.03915451237966451;1.0;0.655;0.913;0.918
1bUazU9SSOh02AdlOPeTvm;O Grave Bater;50;False;MC Kevinho;1;['funk carioca, funk ostentacao'];0.016713581984517938;2.0;0.91;0.741;0.793
5FOCkGt7bp22nBVfQ4WSIT;Indecente;60;False;Anitta;1;['baile pop, funk carioca, funk das antigas, pagode baiano'];0.19587605157005342;4.0;0.874;0.602;0.587
4qKcDkK6siZ7Jp1Jb4m0aL;Look Alive (feat. Drake);78;True;"Drake; BlocBoy JB";2;['canadian hip hop, canadian pop, hip hop, pop rap, rap, toronto rap', 'rap, southern hip hop, trap, vapor trap'];0.0;4.5;0.922;0.581;0.595
6AaoEX192rJ6o3UFwG43sV;Automaticamente;53;True;"Mc Maromba; Dennis DJ; Mc Leléto";3;['deep funk ostentacao', 'baile pop, brazilian edm, funk carioca, funk das antigas', 'funk carioca, funk ostentacao'];0.018934393680843983;2.0;0.918;0.907;0.839
39OrWG2wKOnRlbYUmIdTuW;Mel de Marte - Ao Vivo;49;True;"Gustavo Mioto; Maiara & Maraisa";2;['sertanejo, sertanejo pop, sertanejo universitario', 'sertanejo pop, sertanejo universitario'];0.036556231688077506;1.5;0.687;0.781;0.832
4XLu3tTSZiPFVC9mmuR6Zp;All These Years;67;False;Camila Cabello;1;['dance pop, pop, post-teen pop'];0.0;3.0;0.732;0.436;0.475
3SdYnX1212sx5X0N4Lj3Vb;Tic Tac (feat. Mc Lan);49;True;"Lucas Lucco; MC Lan";2;['funk carioca, sertanejo, sertanejo pop, sertanejo universitario', 'baile pop, funk carioca, funk ostentacao'];0.024944460542837825;3.0;0.923;0.488;0.585
0pDaqgIForVNO4jrtTxcWT;Agora Vai Sentar;58;False;MC's Jhowzinho & Kadinho;1;['funk carioca'];0.0;1.0;0.814;0.653;0.706
4lNriuYNZD2YP2OPG6xOte;Tem Café;64;True;"MC Hariel; Gaab";2;['funk carioca, funk ostentacao', 'funk carioca, r&b brasileiro'];0.019490554842626705;1.5;0.694;0.506;0.263
2g2ZjM1GjY9Lf2Ff0L94Ul;Vidinha de Balada - Ao Vivo;64;False;Henrique & Juliano;1;['sertanejo universitario'];0.0006278373418332851;1.0;0.648;0.833;0.691
6zCqeUUqLb2CapBmVwAHll;Meu Coração Deu PT - Ao Vivo;56;True;"Wesley Safadão; Matheus & Kauan";2;['forro', 'pop nacional, sertanejo universitario'];0.06150000229977046;1.5;0.647;0.93;0.848
5bcTCxgc7xVfSaMV3RuVke;Feels (feat. Pharrell Williams, Katy Perry & Big Sean);77;True;"Big Sean; Pharrell Williams; Katy Perry; Calvin Harris";4;['detroit hip hop, hip hop, pop rap, rap, southern hip hop, trap', 'dance pop, pop, pop rap', 'dance pop, pop, post-teen pop', 'dance pop, edm, electro house, house, pop, progressive house, tropical house, uk dance'];0.0;3.75;0.893;0.745;0.872
0wMFQ0UpnqvyZncX4JpVEA;Como É Que Faz;0;True;"Rob Nunes; Jerry Smith";2;['sertanejo pop', 'baile pop, brega funk, funk carioca'];0.00012073795035255482;2.0;0.771;0.719;0.904
3AFfyUXTfj12PgrOkZiiJo;Treat You Better;10;False;Shawn Mendes;1;['canadian pop, dance pop, pop, post-teen pop, viral pop'];0.0;5.0;0.748;0.819;0.792
04uZ473b5Y7syygehiQU7G;Sua Amiga Vou Pegar;44;True;"MC WM; MC Lan";2;['baile pop, brazilian edm, funk carioca, funk ostentacao', 'baile pop, funk carioca, funk ostentacao'];0.01772433111175505;2.0;0.714;0.393;0.695
4BjPsq3MXBNo4Qxg40igEr;Cara Bacana;57;False;MC G15;1;['brega funk, funk carioca, funk das antigas, funk ostentacao'];0.0;4.0;0.599;0.512;0.725
6m2LNopVJKsvBB9l7Z1rwn;Olha a Explosão;59;False;MC Kevinho;1;['funk carioca, funk ostentacao'];0.016713581984517938;2.0;0.774;0.611;0.388
1LhMopPAallLeaeNutqbgS;Say Something (feat. Chris Stapleton);73;True;"Justin Timberlake; Chris Stapleton";2;['dance pop, pop', 'contemporary country, outlaw country'];0.0;2.0;0.707;0.632;0.372
5yraOKvNuFWP4waSl6ey8Q;Vai Dar Pt;46;False;Leo Santana;1;['axe, funk carioca, pagode, pagode baiano, pop nacional'];0.0053892821496414585;5.0;0.93;0.555;0.831
1BkyiAw1L0BOHYckwpRX4V;Pesadão (Participação especial Marcelo Falcão);61;True;"IZA; Marcelo Falcão";2;['afrofuturismo brasileiro, baile pop, pop nacional, r&b brasileiro', 'brazilian reggae'];2.4147590070510965e-05;2.5;0.74;0.791;0.744
58Kv71AxpWF6ab0Z76jQId;Coração Calejado - Ao Vivo;66;False;Jorge & Mateus;1;['sertanejo, sertanejo universitario'];0.023197784861070866;2.0;0.791;0.658;0.47
7uCgfqk3QoD12KwGeKmBw4;Ela Não Quer Namorar - Ao Vivo;0;False;Pedro Paulo & Alex;1;['funk carioca, sertanejo, sertanejo pop, sertanejo universitario'];0.0;4.0;0.859;0.951;0.878
5CtI0qwDJkDQGwXD1H1cLb;Despacito - Remix;23;True;"Justin Bieber; Luis Fonsi; Daddy Yankee";3;['canadian pop, pop, post-teen pop', 'latin, latin pop, puerto rican pop, tropical', 'latin, latin hip hop, reggaeton, tropical'];0.00019318072056408772;3.0;0.694;0.815;0.813
1j4kHkkpqZRBwE0A4CN4Yv;Dusk Till Dawn - Radio Edit;83;True;"Sia; ZAYN";2;['australian dance, australian pop, dance pop, pop', 'dance pop, electropop, pop, post-teen pop, uk pop'];0.0;3.5;0.258;0.437;0.0967
1OmcAT5Y8eg5bUPv9qJT4R;rockstar;13;True;"21 Savage; Post Malone";2;['atl hip hop, rap, trap', 'dfw rap, melodic rap, rap'];7.24427702115329e-05;2.5;0.58;0.531;0.141
0wifP1osuKJrS3bjazE2yq;Inesperado - Ao Vivo;57;False;Jorge & Mateus;1;['sertanejo, sertanejo universitario'];0.023197784861070866;2.0;0.743;0.786;0.767
3Vo4wInECJQuz9BIBMOu8i;"Finesse - Remix; feat. Cardi B";76;True;"Bruno Mars; Cardi B";2;['pop, post-teen pop', 'pop, pop rap, rap'];0.0;2.0;0.704;0.859;0.926
06ZpMjkNdIDKVf3mK29UiC;Never Let Me Go;5;True;"Alok; Bruno Martini; Zeeba";3;['brazilian edm, electro house, pop nacional', 'brazilian edm, pop nacional', 'brazilian edm'];0.019953958594932226;1.0;0.722;0.84;0.569
7F3uo3304R2CTvOseU3H7u;Whatever It Takes;9;False;Imagine Dragons;1;['modern rock, rock'];0.0;2.0;0.673;0.667;0.536
3LFG5DqNQRK0yL6WNMw99P;Ciumento Eu (feat. Matheus & Kauan) - Ao Vivo;37;True;"Henrique & Diego; Matheus & Kauan";2;['brazilian edm, sertanejo, sertanejo pop, sertanejo universitario', 'pop nacional, sertanejo universitario'];0.02042702138326593;2.5;0.483;0.904;0.819
0qYTZCo5Bwh1nsUFGZP3zn;Felices los 4;16;False;Maluma;1;['latin, reggaeton'];0.0;2.0;0.755;0.789;0.737
7Izh7zLJGw1Nscd62Exxj4;Believer;11;False;Imagine Dragons;1;['modern rock, rock'];0.0;2.0;0.762;0.787;0.691
6ZR7rT7vfwtY0EqyLeyAaO;Ritmo Mexicano;58;False;Mc Gw;1;['funk carioca, funk ostentacao'];0.0;2.0;0.687;0.872;0.706
6gxcySGdwlisjOUGYmJmB8;Esse Dom;43;True;"DJ Marlboro; Mc Livinho";2;['funk carioca, funk das antigas, funk melody', 'baile pop, brazilian edm, funk carioca, funk ostentacao'];0.01222420002483754;3.0;0.751;0.643;0.797
1L3NV7VrCiuE8C5QlhdeQL;Filthy;53;False;Justin Timberlake;1;['dance pop, pop'];0.0;2.0;0.745;0.579;0.645
7KXjTSCq5nL1LoYtL7XAwS;HUMBLE.;84;False;Kendrick Lamar;1;['conscious hip hop, hip hop, rap, west coast rap'];0.010238578189896649;4.0;0.908;0.621;0.421
1DgHVOq15mmso5RY0YQy6l;Bumbum de Ouro;60;False;Gloria Groove;1;['baile pop, funk carioca, pop'];0.0;3.0;0.806;0.831;0.928
6TtEsPJua1fXgiaYSjo4JD;Tenta Vir - Acústico;57;True;"DoisP; 1Kilo";2;['', 'brazilian edm, brazilian hip hop, trap brasileiro'];0.00015695933545832128;1.5;0.725;0.408;0.937
3j7FDNUqIMWKaji6PK5SyF;A Gente Brigou;52;False;Mc Don Juan;1;['funk carioca, funk ostentacao'];0.04303100550565054;2.0;0.853;0.543;0.751
2Imq77E6CEJR5TPUxlJvTY;All The Stars (with SZA);9;True;"Kendrick Lamar; SZA";2;['conscious hip hop, hip hop, rap, west coast rap', 'pop, pop rap, rap'];0.01272577996715928;3.0;0.532;0.642;0.536
4aWmUDTfIPGksMNLV2rQP2;Despacito (Featuring Daddy Yankee);21;True;"Luis Fonsi; Daddy Yankee";2;['latin, latin pop, puerto rican pop, tropical', 'latin, latin hip hop, reggaeton, tropical'];9.659036028204386e-05;3.0;0.66;0.786;0.846
3ee8Jmje8o58CHK66QrVC2;SAD!;88;False;XXXTENTACION;1;['emo rap, miami hip hop'];0.0;2.0;0.74;0.613;0.473
4sFVdIwmVj2y87qqOWwSU3;Se o Amor Tiver Lugar;59;False;Jorge & Mateus;1;['sertanejo, sertanejo universitario'];0.023197784861070866;2.0;0.606;0.739;0.377
74n5d5M21JnC4WJ6gdkggK;Propaganda - Ao Vivo;70;False;Jorge & Mateus;1;['sertanejo, sertanejo universitario'];0.023197784861070866;2.0;0.614;0.782;0.77
76Ib80J7t7EBvn86apevfB;Como Que Eu Tô;47;False;Mc Kitinho;1;['funk carioca, funk ostentacao'];0.0;2.0;0.933;0.806;0.829
4zaH0JKo9qeA1lWulFgt3J;Elas Gostam (Popa da Bunda) - Ao Vivo;48;False;Psirico;1;['axe, forro, funk carioca, pagode, pagode baiano'];0.0;5.0;0.844;0.538;0.639
2GUuxvYBw7OSAHtJ6Q7NDW;Quase Tudo;0;False;Maiara & Maraisa;1;['sertanejo pop, sertanejo universitario'];0.03204224218422998;2.0;0.69;0.374;0.518
2gxqozTaq2NYylvS8jd57G;Into It;60;False;Camila Cabello;1;['dance pop, pop, post-teen pop'];0.0;3.0;0.569;0.649;0.441
4EAC71z33CGSIlAyEnKaGb;Bailando;36;False;Rouge;1;['baile pop'];0.0;1.0;0.792;0.787;0.354
43nkDm3QmUcioZTbNWzwMK;Três Pontinhos - Ao Vivo;56;False;Jorge & Mateus;1;['sertanejo, sertanejo universitario'];0.023197784861070866;2.0;0.591;0.882;0.8
6bgQIw80xWC3MPZX4kVYGw;Trevo (Tu);5;True;"ANAVITÓRIA; Tiago Iorc";2;['folk brasileiro, nova mpb, pop nacional, portuguese pop', 'brazilian rock, folk brasileiro, mpb, nova mpb'];0.005143436685018835;3.0;0.668;0.372;0.246
26gceVsA1ybT8qsX3aYLEn;Thunder;11;False;Imagine Dragons;1;['modern rock, rock'];0.0;2.0;0.605;0.813;0.238
4iLqG9SeJSnt0cSPICSjxv;Attention;22;False;Charlie Puth;1;['dance pop, pop, post-teen pop, viral pop'];0.0;4.0;0.774;0.626;0.777
5HwnezK198pJCEj1l2Adjy;She Loves Control;67;False;Camila Cabello;1;['dance pop, pop, post-teen pop'];0.0;3.0;0.65;0.758;0.663
6aIrHPvM3l16MeS7iOQRYO;Um Brinde (feat. Marília Mendonça & Maiara & Maraisa);54;True;"Marília Mendonça; Maiara & Maraisa; Dennis DJ";3;['sertanejo', 'sertanejo pop, sertanejo universitario', 'baile pop, brazilian edm, funk carioca, funk das antigas'];0.042666645202142146;2.3333333333333335;0.504;0.837;0.801
2rb5MvYT7ZIxbKW5hfcHx8;Mi Gente;16;True;"J Balvin; Willy William";2;['latin, reggaeton', 'francoton'];0.04345358833188448;1.5;0.543;0.677;0.294
1rfofaqEpACxVEHIZBJe6W;Havana (feat. Young Thug);84;True;"Camila Cabello; Young Thug";2;['dance pop, pop, post-teen pop', 'atl hip hop, atl trap, gangster rap, melodic rap, pop rap, rap, trap'];0.0;5.0;0.765;0.523;0.394
76cy1WJvNGJTj78UqeA5zr;IDGAF;83;False;Dua Lipa;1;['dance pop, pop, uk pop'];0.0;3.0;0.836;0.544;0.51
4ofvoCdXq99vpMZO4Cfp8x;Pray For Me (with Kendrick Lamar);15;True;"The Weeknd; Kendrick Lamar";2;['canadian contemporary r&b, canadian pop, pop', 'conscious hip hop, hip hop, rap, west coast rap'];0.007703081232492998;3.5;0.728;0.668;0.162
779I9FojBtIvVPtQe1DSRI;Várias Novinhas;49;False;Leo Santana;1;['axe, funk carioca, pagode, pagode baiano, pop nacional'];0.0053892821496414585;5.0;0.775;0.566;0.944
5KNi9XFap48ry4puG7rvqv;Pra você acreditar - Ao vivo;64;False;Ferrugem;1;['pagode'];0.0;1.0;0.486;0.734;0.639
7JY7Cx7e3gcJlACR7N7bM6;Amor Turista - Ao Vivo;57;False;Jorge & Mateus;1;['sertanejo, sertanejo universitario'];0.023197784861070866;2.0;0.727;0.831;0.694
6LEFk0KHRfahO5pOMJlbdV;Amigo Taxista;62;False;Zé Neto & Cristiano;1;['sertanejo universitario'];0.0;1.0;0.626;0.897;0.528
7CtFr21TzdM4ntuBkwzpxg;Troféu do Ano;55;True;"Mc Nando Dk; DJ Cassula; Jerry Smith";3;['funk carioca', '', 'baile pop, brega funk, funk carioca'];0.00010463955697221418;1.0;0.879;0.626;0.848
6waLZw9qNP36DtHFPeyTz6;Coração de Aço;65;False;Hungria Hip Hop;1;['brasilia hip hop, brazilian edm, brazilian hip hop, trap brasileiro'];0.0;4.0;0.803;0.328;0.288
3IfctMaf2sfvlSLRa42Cna;O Sol;8;False;Vitor Kley;1;['brazilian edm, funk carioca'];0.0;2.0;0.641;0.623;0.65
5JZlDZzWPbrYwMHmnOQO3U;Cê Acredita - Ao Vivo;51;True;"MC Kevinho; João Neto & Frederico";2;['funk carioca, funk ostentacao', 'funk carioca, sertanejo, sertanejo pop, sertanejo universitario'];0.009457806110950122;2.5;0.657;0.925;0.904
4lESS6vuruP6a79KWRaQou;Corazón;14;True;"Nego do Borel; Maluma";2;['baile pop, funk carioca, funk das antigas', 'latin, reggaeton'];0.010518460257666281;2.5;0.871;0.768;0.765
6PEdCE0cepdEqbUmAiyFUN;Sonhei Que Tava Me Casando - Ao Vivo;50;False;Wesley Safadão;1;['forro'];0.08226669978336162;1.0;0.435;0.916;0.554
2U7Hu2RaNQNRi7izoJyZaX;rockstar;8;True;"21 Savage; Post Malone";2;['atl hip hop, rap, trap', 'dfw rap, melodic rap, rap'];7.24427702115329e-05;2.5;0.578;0.532;0.12
26bMmC90QF0FOd1ctDnkeU;Mulherão da Porra;48;True;"Munhoz & Mariano; Jerry Smith";2;['funk carioca, sertanejo, sertanejo pop, sertanejo universitario', 'baile pop, brega funk, funk carioca'];0.00012073795035255482;3.0;0.811;0.696;0.44
